,Certifier Name,Certifier Website,Certifier Email Address,Operation ID,Operation Name,Other/Former Names,Client ID,Contact First Name,Contact Last Name,Operation Certification Status,Effective Date of Operation Status,NOP Anniversary Date,CROPS Scope Certification Status,Effective Date of CROPS Status,Certified Products Under CROPS Scope,Additional Certified Products Under CROPS Scope ,Certificate Numbers for Certified Products under CROPS Scope,LIVESTOCK Scope Certification Status,Effective Date of LIVESTOCK Status,Certified Products Under LIVESTOCK Scope,Additional Certified Products Under LIVESTOCK Scope,Certificate Numbers for Certified Products under LIVESTOCK Scope,WILD CROPS Scope Certification Status,Effective Date of WILD CROPS Status,Certified Products Under WILD CROPS Scope,Additional Certified Products Under WILD CROPS Scope,Certificate Numbers for Certified Products Under WILD CROPS Scope,HANDLING Scope Certification Status,Effective Date of HANDLING Status,Certified Products Under HANDLING Scope,Additional Certified Products Under HANDLING Scope,Certificate Numbers for Certified Products Under HANDLING Scope,Physical Address: Street 1,Physical Address: Street 2,Physical Address: City,Physical Address: State/Province,Physical Address: Country,Physical Address: ZIP/ Postal Code,County Code,County,Mailing Address: Street 1,Mailing Address: Street 2,Mailing Address: City,Mailing Address: State/Province,Mailing Address: Country,Mailing Address: ZIP/ Postal Code,County Code.1,County.1,Phone,Email,Website URL,Additional Information ,Broker,Community Supported Agriculture (CSA),Co-Packer,Dairy,Distributor,Marketer/Trader,Restaurant,Retail Food Establishment,Poultry,Private Labeler,Slaughterhouse,Storage,Grower Group,Data as of Date,Organic Certificate
0,Required,Required,Required,Required,Required,Optional ,Optional,Optional,Optional,Required,Required,Optional,Optional,Optional,Required,,Optional,Optional,Optional,,,,Optional,Optional,,,,Optional,Optional,,,,Required,Optional,Required (US),Required (US),Required,Required (US),Optional,Optional,Required,Optional,Required (US),Required (US),Required,Required (US),Optional,Optional,Optional,Optional,Optional,Optional,Optional,Optional,Optional,Optional,Optional,Optional,Optional,Optional,Optional,Optional,Optional,Optional,Optional,Required,Optional
1,More information about Accredited Certifying Agents can be found at https://www.ams.usda.gov/services/organic-certification/certifying-agents,From Certifier Profile,From Certifier Profile,NOP's 10-digit unique ID for operation.  First 3 numbers are Certifier ID; last 7 numbers are assigned by the Certifier.,Operation's business name,Other names that the operation is doing or has done business as,Client ID issued by certifier. This can be any identifier that the Certifier uses to identify the operation. No constraints on format. ,,,Certified/ Surrendered/ Suspended/ Revoked,Date the selected Operation Certification Status became effective. MM/DD/YYYY,"Date of annual update for certificate, at operation level. May include renewal, inspection, or verification.        MM/DD/YYYY",Certified/ Surrendered/ Suspended,MM/DD/YYYY,Category: Item Name/Other Item (Item Variety),Category: Item Name/Other Item (Item Variety),Certificate numbers issued by Certifier.,Certified/ Surrendered/ Suspended,MM/DD/YYYY,Category: Item Name/Other Item (Item Variety),Category: Item Name/Other Item (Item Variety),Certificate numbers issued by Certifier.,Certified/ Surrendered/ Suspended,MM/DD/YYYY,Category: Item Name/Other Item (Item Variety),Category: Item Name/Other Item (Item Variety),Certificate numbers issued by Certifier.,Certified/ Surrendered/ Suspended,MM/DD/YYYY,Category: Item Name/Other Item (Item Variety),Category: Item Name/Other Item (Item Variety),Certificate numbers issued by Certifier.,At least one of the two addresses (Physical or Mailing) is required,,,,,,,,At least one of the two addresses (Physical or Mailing) is required,,,,,,,,,,,Free text,Yes as applicable,Yes as applicable,Yes as applicable,Yes as applicable,Yes as applicable,Yes as applicable,Yes as applicable,Yes as applicable,Yes as applicable,Yes as applicable,Yes as applicable,Yes as applicable,Yes as applicable,Date of last update by certifier. MM/DD/YYYY,Certificates are available for certified operations if the Certifier has selected to use INTEGRITY Certificate Module.
2,Control Union Certifications,certifications.controlunion.com/en,organic@controlunion.com,1780877210,Aceitera Peninsular Española S.L,,,,,Certified,2021-02-23 00:00:00,,,,,,,,,,,,,,,,,Certified,2021-02-23 00:00:00,"Other: Organic Crude grapeseed oil, Organic Crude high oleic sunflower oil, Organic Raw almond oil, Organic refined avocado oil, Organic Virgin avocado oil",,,"C/ Rihuelo, s/n.",,Priego de Córdoba,Cordoba,Spain,14800,,,,,,,,,,,,,,,,,,,,,,,,,,,,2021-04-23 00:00:00,0
3,CAAE Certification Service,www.caae.es,rporto@caae.es,6250027008,"ACEITES BALCON DEL SUR, S.L.",,27008/I,Encarnacion,Palomar Sanchez,Certified,2017-08-01 00:00:00,2018-07-07 00:00:00,,,,,,,,,,,,,,,,Certified,2017-08-01 00:00:00,Oils & Oleoresins: Oils (Olive Oil),,CE-007856-2017,C/ALMERIA 2 A,,PRIEGO DE CÓRDOBA,CÓRDOBA,Spain,14800,,,"PASEO DE LA CUEVA, 5",,GABIAS (LAS),GRANADA,Spain,18110,,,639894428,administracion@balcondelsur.es,,,,,,,,Yes,,,,,,,,2017-12-13 00:00:00,0
4,Control Union Certifications,certifications.controlunion.com/en,organic@controlunion.com,1780816881,"ACEITES GARCIA DE LA CRUZ, S. L.",,,,,Certified,2021-03-31 00:00:00,,,,,,,,,,,,,,,,,Certified,2021-03-31 00:00:00,"Other: Olive oil extra virgin, Olive oil virgin, Olive oil virginOlive oil extra virgin",,,"C/ REYES CATÓLICOS, 23",,MADRIDEJOS,TOLEDO,Spain,45710,,,,,,,,,,,,,,,,,,,,,,,,,,,,2021-04-23 00:00:00,0
5,EcoCert S.A.,www.ecocert.com,office.international@ecocert.com,7880179185,"ACEITES GUADALENTIN, SL",,179185,,,Certified,2017-11-23 00:00:00,,,,,,,,,,,,,,,,,Certified,2017-11-23 00:00:00,Other: Crude olive oil,,,"Avda. Ntra. Señora de los Dolores, 45",,Pozo Alcón (JAEN),"ESPAÑA, ANDALUCIA",Spain,23485,,,,,,,,,,,953738035,azamora@aceitesguadalentin.com,,,,,,,,,,,,,,,,2021-03-16 00:00:00,0
6,Control Union Certifications,certifications.controlunion.com/en,organic@controlunion.com,1780851919,ACEITES MAEVA S.L.,,,,,Certified,2020-12-07 00:00:00,,,,,,,,,,,,,,,,,Certified,2020-12-07 00:00:00,Other: Extra-Virgin Olive Oil,,,PARQUE METROPOLITANO AVD. INCAR Nº8,,ESCÚZAR,GRANADA,Spain,18130,,,,,,,,,,,,,,,,,,,,,,,,,,,,2021-04-23 00:00:00,0
7,EcoCert S.A.,www.ecocert.com,office.international@ecocert.com,7880168747,"ACEITES NATURALES DEL SUR, SL",,168747,,,Certified,2017-01-19 00:00:00,,,,,,,,,,,,,,,,,Certified,2017-01-19 00:00:00,Other: Argan oil,,,"Paseo del Puerto, s/n, Polígono Industrial",,Jaén,,Spain,23110,,,,,,,,,,,957607430,acano@aceitesnaturalesdelsur.com,,,,,,,,,,,,,,,,2021-03-16 00:00:00,0
8,CAAE Certification Service,www.caae.es,rporto@caae.es,6250026655,"ACEITUNAS GUADALQUIVIR, SL",,26655,Francisco Javier,Escalante Terron,Certified,2017-07-12 00:00:00,2021-02-22 00:00:00,,,,,,,,,,,,,,,,Certified,2017-07-12 00:00:00,"Fruits/Vegetables: Vegetables (Natural black olives, Boneless green olives, Green olives, Stuffed Green Olives with garlic, Stuffed Green olives with jalapeno, Stuffed Green olives with pepper)",,CE-002328-2020,"C/ CAMINO DE LA ALCOBA, S/N",,MORON DE LA FORNTERA,SEVILLA,Spain,41530,,,"C/ CAMINO DE LA ALCOBA, S/N",,MORON DE LA FORNTERA,SEVILLA,Spain,41530,,,955854710,fjescalante@agolives.com,,,,,,,,,,,,,,,,2020-05-06 00:00:00,0
9,CAAE Certification Service,www.caae.es,rporto@caae.es,6250029028,"ACEITUNAS MONTEGIL, SL",,29028,Antonio Jose,Escalante Sanchez,Certified,2019-01-10 00:00:00,2019-10-24 00:00:00,,,,,,,,,,,,,,,,Certified,2019-01-10 00:00:00,"Other: Boneless green olives, Green olives",,CE-000285-2019,,,,,,,,,"POZO DE SEVILLA, Nº 2.",,MORON DE LA FRONTERA,Sevilla,Spain,41530,,,696424983,montegil@montegil.es,,,,,,,,,,,,,,,,2019-06-17 00:00:00,0
10,CAAE Certification Service,www.caae.es,rporto@caae.es,6250028526,"ACEITUNAS RUMARIN, S.L.",,28526,Francisco Javier,Rubio,Certified,2019-01-16 00:00:00,2021-01-31 00:00:00,,,,,,,,,,,,,,,,Certified,2019-01-16 00:00:00,"Other: 100% Organic: Natural olives

Organic: Spanish style fermented green olives",,CE-000348-2020,,,,,,,,,"AVDA. DE LA TROCHA, Nº 15",,Mairena del Alcor,Sevilla,Spain,41510,,,+34 955744655,fjrubio@rumarin.es,,,,,,,,,,,,,,,,2020-04-02 00:00:00,0
11,CAAE Certification Service,www.caae.es,rporto@caae.es,6250014580,"AGRICOLA GUZMAN, S.A",,14580F,Juan Ramon,Guillen Prieto,Certified,2017-06-11 00:00:00,2019-09-15 00:00:00,Certified,2017-06-11 00:00:00,Fruit - Stone: Olives (Olive oil),,CE 000884 2019,,,,,,,,,,,,,,,,,,,,,,,,C/ AMOR DE DIOS Nº 2 1º IZDA,,SEVILLA,SEVILLA,Spain,41002,,,954909211,,,,,,,,,,,,,,,,,2020-05-06 00:00:00,0
12,CAAE Certification Service,www.caae.es,rporto@caae.es,6250008182,"AGRICOLA MONFORTE, C.B.",,8182/F,Nicolas,Monforte,Certified,2013-11-15 00:00:00,2020-09-19 00:00:00,Certified,2013-11-15 00:00:00,Fruit - Stone: Olives (Olive (oil)),,CE-015946-2019,,,,,,,,,,,,,,,,,,,,,,,,"C/ RAMON Y CAJAL, Nº 20- 6ºA",,ALBACETE,ANDALUCIA,Spain,02005,,,620947560,nicomonforte@hotmail.es,,,,,,,,,,,,,,,,2020-02-12 00:00:00,0
13,CAAE Certification Service,www.caae.es,rporto@caae.es,6250027331,"AGRICOLA MORENO VELEZ, S.L.",,27331,Manuel Felix,Moreno Felix,Certified,2017-11-20 00:00:00,2019-09-27 00:00:00,Certified,2017-11-20 00:00:00,Fruit - Stone: Olives (Olive (oil/table)),,CE-015434-2018,,,,,,,,,,,,,,,,,,,,,,,,"AVDA. DE ANDALUCIA, Nº 8",,LOS MOLARES,SEVILLA,Spain,41750,,,656958354,mfmoreno@opracol.com,,,,,,,,,,,,,,,,2020-05-06 00:00:00,0
14,CAAE Certification Service,www.caae.es,rporto@caae.es,6250029975,AGRO SUR LATINO S.A.C,,29975,David Juan,Yapuchura Avendaño,Certified,2019-10-24 00:00:00,2020-04-15 00:00:00,,,,,,,,,,,,,,,,Certified,2019-10-24 00:00:00,"Other: Cañihua, Chia, Cañihua flour, Kiwicha flour, Maca flour, Quinoa flour, Cañihua flakes, Kiwicha flakes, Quinoa flakes, Kiwicha, Quinoa",,CE-012654-2019,,,,,,,,,JR. ANTONIO JOSE SUCRE MZA. I LOTE. 11 A.V. HUERTOS DE HUACHIPA (ALT. KM. 7 DE AUTO RAMIRO PRIALE),,LURIGANCHO,LIMA,Spain,15457,,,+513711519,willysul5@gmail.com,,,,,,,,,,,,,,,,2019-12-26 00:00:00,0
15,CAAE Certification Service,www.caae.es,rporto@caae.es,6250012074,"AGROPECUARIA ECOLOGICA SIERRA DE ALCARAZ, S.L.",,12074/I,Enrique,Simon,Certified,2013-12-24 00:00:00,2020-09-19 00:00:00,,,,,,,,,,,,,,,,Certified,2013-12-24 00:00:00,Oils & Oleoresins: Oils (Extra virgin olive oil),,CE-015878-2019,,,,,,,,,VIA VERDE DE ALCARAZ S/N,,ALBACETE,CASTILLA LA MANCHA,Spain,02300,,,649892862,oficina@almazaraalcaraz.com,,,,,,,,,,,,,,,,2020-05-06 00:00:00,0
16,Control Union Certifications,certifications.controlunion.com/en,organic@controlunion.com,1780873974,Agropecuaria Municipal De Guareña S.L.,,,,,Certified,2020-11-13 00:00:00,,Certified,2020-11-13 00:00:00,Other: Tomate,,,,,,,,,,,,,,,,,,"PLAZA DE ESPAÑA, 1",,Guareña,Badajoz,Spain,06470,,,,,,,,,,,,,,,,,,,,,,,,,,,,2020-12-31 00:00:00,0
17,Control Union Certifications,certifications.controlunion.com/en,organic@controlunion.com,1780873975,Agrotracción Extremeña S.L.,,,,,Certified,2020-11-13 00:00:00,,Certified,2020-11-13 00:00:00,Other: Tomate,,,,,,,,,,,,,,,,,,"LUIS ALVAREZ LENCERO, 3. PLTA 7ª, OFIC 12.",,BADAJOZ,BADAJOZ,Spain,06011,,,,,,,,,,,,,,,,,,,,,,,,,,,,2020-12-31 00:00:00,0
18,CAAE Certification Service,www.caae.es,rporto@caae.es,6250005138,"ALCANOVA, S.L.",HANDLING,5138,Enrique,De Juan Soler,Certified,2003-03-09 00:00:00,2020-01-21 00:00:00,,,,,,,,,,,,,,,,Certified,2003-03-09 00:00:00,"Oils & Oleoresins: Oils (Organic: Extra virgin olive oil

100% Organic: Extra virgin olive oil)",,CE-011657-2019,,,,,,,,,C/ DON RAMON DE LA CRUZ 49 - 7A,,MADRID,MADRID,Spain,28001,,,+34914355814,ej@soler-romero.com,,,,,,,,,,,,,,,,2020-02-12 00:00:00,0
19,CAAE Certification Service,www.caae.es,rporto@caae.es,6250004035,ANA DE JUAN SOLER,,4035/F,Ana,De Juan Soler,Certified,2003-03-09 00:00:00,2020-01-10 00:00:00,Certified,2003-03-09 00:00:00,"Other: Olive (oil), Olive leaf",,CE-012018-2019,,,,,,,,,,,,,,,,,,,,,,,,"C/ HERMOSILLA, Nº 55",,MADRID,MADRID,Spain,28001,,,914353463,ej@soler-romero.com,,,,,,,,,,,,,,,,2020-05-22 00:00:00,0
20,CAAE Certification Service,www.caae.es,rporto@caae.es,6250004030,ANA ESPERANZA QUINTANA JIMENEZ,,4030/F,Ana Esperanza,Quintana Jimenez,Certified,2003-03-09 00:00:00,2019-01-10 00:00:00,Certified,2003-03-09 00:00:00,Fruit - Stone: Olives,,CE-005315-2018,,,,,,,,,,,,,,,,,,,,,,,,"C/ HERMOSILLA, Nº 55",,MADRID,MADRID,Spain,28001,,,914353463,ej@soler-romero.com,,,,,,,,,,,,,,,,2018-12-27 00:00:00,0
21,EcoCert S.A.,www.ecocert.com,office.international@ecocert.com,7880167069,"ARGAN OIL, SL",,167069,,,Certified,2017-02-18 00:00:00,,,,,,,,,,,,,,,,,Certified,2017-02-18 00:00:00,Other: cosmetic,,,"C/ Puerta de Abajo, 16",,Alpedrete (Madrid),,Spain,28430,,,,,,,,,,,918287021,fgi@arganoil.es,,,,,,,,,,,,,,,,2021-03-16 00:00:00,0
22,CAAE Certification Service,www.caae.es,rporto@caae.es,6250018203,"AZZAYT, S.L.U.",,18203,Juan,Gallardo,Certified,2017-01-20 00:00:00,2019-10-19 00:00:00,,,,,,,,,,,,,,,,Certified,2017-01-20 00:00:00,"Oils & Oleoresins: Oils (100% Organic: Extra Virgin Olive Oil

Organic: Extra Virgin Olive Oil)",,CE-008921-2019,CTRA CIUDAD REAL-ALBACETE KM 97,,VALDEPEÑAS,CIUDAD REAL,Spain,13300,,,CTRA CIUDAD REAL-ALBACETE KM 97,,VALDEPEÑAS,CIUDAD REAL,Spain,13300,,,628071403,jgallardo@azzayt.com,,,,,,,,,,,,,,,,2018-12-27 00:00:00,0
23,Control Union Certifications,certifications.controlunion.com/en,organic@controlunion.com,1780833164,"Biolandes Andalucia, S.A.",,,,,Certified,2020-12-23 00:00:00,,Certified,2020-12-23 00:00:00,"Other: Cistus hydrolate, Cistus ladanifer, cistus oil",,,,,,,,,,,,,,,,,,CTRA. HERRERIAS KM 1.3,,Puebla de Guzman,Huelva,Spain,21550,,,,,,,,,,,,,,,,,,,,,,,,,,,,2020-12-31 00:00:00,0
24,CAAE Certification Service,www.caae.es,rporto@caae.es,6250023582,BODEGAS FINCA LA ESTACADA S.L,,23582,David,Moreno,Certified,2018-03-12 00:00:00,2019-03-21 00:00:00,,,,,,,,,,,,,,,,Surrendered,2019-09-12 00:00:00,Alcohol: Wine (Red wine),,CE-003401-2018,,,,,,,,,"AVDA JUAN CARLOS I, Nº 28",,Tarancón,Cuenca (Casitlla La Mancha),Spain,16400,,,+34 969327099,enologia@fincalaestacada.com,,,,,,,,,,,,,,,,2019-12-11 00:00:00,0
25,CAAE Certification Service,www.caae.es,rporto@caae.es,6250003082,"BODEGAS ROBLES, S.A.",,3082,Francisco,Robles,Certified,2020-10-19 00:00:00,2021-04-01 00:00:00,,,,,,,,,,,,,,,,Certified,2020-10-19 00:00:00,Other: Wines,,CE-011703-2020,,,,,,,,,"CTRA.  CORDOBA MALAGA,  KM 447,6",,Montilla,Córdoba,Spain,14550,,,+34610495475,tecnico@bodegasrobles.com,,,,,,,,,,,,,,,,2020-12-31 00:00:00,0
26,EcoCert S.A.,www.ecocert.com,office.international@ecocert.com,7881927640,"BORGES AGRICULTURAL & INDUSTRIAL EDIBLE OILS, SAU",,192764,,,Certified,2019-06-28 00:00:00,,,,,,,,,,,,,,,,,Certified,2019-06-28 00:00:00,"Other: Crude olive oil, Refined olive oil",,,"Avenida J.Trepat, 38",,TÀRREGA (LLEIDA),,Spain,25300,,,,,,,,,,,+34 973 50 12 12,etejedor@borges-baieo.com,,,,,,,,,,,,,,,,2021-03-16 00:00:00,0
27,CAAE Certification Service,www.caae.es,rporto@caae.es,6250005470,"CAMPOMAR NATURE, S.L",,5470,Eleuterio,Abad,Certified,2014-11-25 00:00:00,2020-10-15 00:00:00,Certified,2014-11-25 00:00:00,Fruit - Stone: Olives (Olive (oil/table)),,CE-012783-2019,,,,,,,,,,,Certified,2014-12-22 00:00:00,"Other: 100% Organic: Olives, Garlic, Pickles

Organic: Olives",,CE-015115-2019,,,,,,,,,"CTRA. PUENTE GENIL, S/N. POLIGONO INDUSTRIAL EL BUJEO",,SEVILLA,ANDALUCIA,Spain,41567,,,686488129,eabad@campomarnature.com,,,,,,,,,,,,,,,,2020-05-06 00:00:00,0
28,Control Union Certifications,certifications.controlunion.com/en,organic@controlunion.com,1780871631,Castillo Aresan SL,,,,,Certified,2021-01-27 00:00:00,,Certified,2021-01-27 00:00:00,Other: CASTILLO DE ARESAN [SIN SULFITOS] CABERNET SAUVIGNON TEMPRANILLOGrape,,,,,,,,,,,,,,,,,,"Carretera Nacional 310, PK. 120,00",,Villarrobledo,Albacete,Spain,02600,,,,,,,,,,,,,,,,,,,,,,,,,,,,2021-04-23 00:00:00,0
29,EcoCert S.A.,www.ecocert.com,office.international@ecocert.com,7882090360,COMERCIAL CHOCOLATES LACASA,,209036,,,Certified,2019-11-15 00:00:00,,,,,,,,,,,,,,,,,Certified,2019-11-15 00:00:00,Other: Sugar confectionery (no cocoa),,,CARRETERA DE LOGROÑO KM 14,,UTEBO (ZARAGOZA),,Spain,50180,,,,,,,,,,,,aherrero@lacasa.es,,,,,,,,,,,,,,,,2021-03-16 00:00:00,0
30,EcoCert S.A.,www.ecocert.com,office.international@ecocert.com,7881525710,"COMPAÑIA ESPAÑOLA DE TABACO EN RAMA, S.A",,152571,,,Certified,2015-10-19 00:00:00,,,,,,,,,,,,,,,,,Certified,2015-10-19 00:00:00,"Other: Raw tobacco, Unmanufactured tobacco",,,"Avd. de Las Angustias nº 20,",,NAVALMORAL DE LA MATA,,Spain,10300,,,,,,,,,,,927 533 161 - 659587160,pcanadas@cetarsa.es,,,,,,,,,,,,,,,,2021-03-16 00:00:00,0
31,CAAE Certification Service,www.caae.es,rporto@caae.es,6250005123,CORTIJO DE SUERTE ALTA C.B.,,5123/F,Manuel,Heredia,Certified,2014-11-27 00:00:00,2020-08-07 00:00:00,Certified,2014-11-27 00:00:00,Fruit - Stone: Olives (Olive (oil)),,CE 013523 2019,,,,,,,,,,,,,,,,,,,,,,,,C/ DON PEDRO Nº 8 2º 1,,MADRID,MADRID,Spain,28005,,,913663358,almazara@suertealta.es,,,,,,,,,,,,,,,,2020-05-06 00:00:00,0
32,CAAE Certification Service,www.caae.es,rporto@caae.es,6250009424,"CORTIJO DE SUERTE ALTA, S.L.",,9424/I,Manuel,Heredia,Certified,2014-11-19 00:00:00,2020-08-08 00:00:00,,,,,,,,,,,,,,,,Certified,2014-11-19 00:00:00,Oils & Oleoresins: Oils (Virgin Olive Oil),,CE-015072-2019,,,,,,,,,"C/ DON PEDRO, Nº 8 2º 1",,MADRID,MADRID,Spain,28005,,,917584762,almazara@suertealta.es,,,,,,,,,,,,,,,,2020-05-06 00:00:00,0
33,EcoCert S.A.,www.ecocert.com,office.international@ecocert.com,7881256190,"DEOLEO GLOBAL, S.A.U.",,125619,,,Certified,2019-07-04 00:00:00,,,,,,,,,,,,,,,,,Certified,2019-07-04 00:00:00,"Other: Condiments and seasonings, Refined olive oil",,,CTRA N-IV KM 388,,ALCOLEA (CÓRDOBA),,Spain,14610,,,,,,,,,,,600510031,elena.blanco@deoleo.com,,,,,,,,,,,,,,,,2021-03-16 00:00:00,0
34,CAAE Certification Service,www.caae.es,rporto@caae.es,6250011257,"EL CORTIJICO, C.B.",,11257,Jesús,Muñoz,Certified,2020-10-22 00:00:00,2021-03-27 00:00:00,Certified,2020-10-22 00:00:00,Other: Pepper (Paprika),,CE-011927-2020,,,,,,,,,,,,,,,,,,,,,,,,"C/ RODRIGUEZ DE LA FUENTE, S/N",,PUEBLA DE DON FADRIQUE,Granada,Spain,18820,,,627558495,ecortijico@hotmail.com,,,,,,,,,,,,,,,,2020-12-31 00:00:00,0
35,CAAE Certification Service,www.caae.es,rporto@caae.es,6250016140,EL ESPARRAGOSO S.C.,,16140/F,Manuel,Centeno Azpitarte,Certified,2017-11-10 00:00:00,2018-09-15 00:00:00,Certified,2017-11-10 00:00:00,Fruit - Stone: Olives,,CE-013366-2017,,,,,,,,,,,,,,,,,,,,,,,,"C/ FIDELIO Nº 5, PLANTA 4, PTA 5",,SEVILLA,SEVILLA,Spain,41007,,,606564726,,,,,,,,,,,,,,,,,2017-12-13 00:00:00,0
36,CAAE Certification Service,www.caae.es,rporto@caae.es,6250004029,ENRIQUE DE JUAN SOLER,,4029/F,Enrique,De Juan Soler,Certified,2017-07-10 00:00:00,2020-01-10 00:00:00,Certified,2017-07-10 00:00:00,Fruit - Stone: Olives (Olive (oil)),,CE 012202 2019,,,,,,,,,,,,,,,,,,,,,,,,"C/ HERMOSILLA, Nº 55",,MADRID,MADRID,Spain,28001,,,914353463,ej@soler-romero.com,,,,,,,,,,,,,,,,2020-05-22 00:00:00,0
37,EcoCert S.A.,www.ecocert.com,office.international@ecocert.com,7881426800,"ESENCIAS MARTINEZ LOZANO, S.A",,142680,,,Certified,2015-06-26 00:00:00,,Certified,2015-06-26 00:00:00,"Other: Fallow, Herbal and medicinal plants - Cistus, Herbal and medicinal plants - Cypress, Herbal and medicinal plants - Savory, Herbal and medicinal plants - Spike L., Herbal and medicinal plants - Spike, L., Hyssop, Lavandin, Lavender, Rosemary, Sage, Sage - Officinalis, Lavandufolia, Thyme, Thyme - Tomillo Linalool, Wild marjoram",,,,,,,,,,,,,Certified,2015-06-26 00:00:00,"Other: Essential oils, Hydrosols",,,"Crta Lorca, Km. 7",Paraje VENTA DE CAVILA,CARAVACA DE LA CRUZ (MURCIA),,Spain,30400,,,,,,,,,,,968725386,comercial@esenciaslozano.com,,,,,,,,,,,,,,,,2021-03-16 00:00:00,0
38,CAAE Certification Service,www.caae.es,rporto@caae.es,6250009146,"EXPLOTACION AGRARIA CASA DE ARRIBA, S.L.",,9146/F,Vicente,López,Certified,2013-11-15 00:00:00,2020-09-19 00:00:00,Certified,2013-11-15 00:00:00,Fruit - Stone: Olives (Olive (oil)),,CE-012033-2019,,,,,,,,,,,,,,,,,,,,,,,,"PASEO DE LA LIBERTAD, Nº 15",,ALBACETE,CASTILLA LA MANCHA,Spain,02001,,,649892862,vicentelopezsanjua@gmail.com,,,,,,,,,,,,,,,,2020-02-12 00:00:00,0
39,CAAE Certification Service,www.caae.es,rporto@caae.es,6250030292,"EXPLOTACIONES AGRICOLAS CAÑADAS ZAMORA, C.B.",,30292,José Manuel,Ferreño,Certified,2020-10-01 00:00:00,2021-04-17 00:00:00,Certified,2020-10-01 00:00:00,Other: Pepper,,CE 010699 2020,,,,,,,,,,,,,,,,,,,,,,,,"C/ LOS FRASQUITOS, Nº 143 (LOS CANTERIOS)",,Totana,Murcia,Spain,30850,,,968879900,jmferre@sabaterspices.com,,,,,,,,,,,,,,,,2020-12-31 00:00:00,0
40,CAAE Certification Service,www.caae.es,rporto@caae.es,6250021449,FATIMA LADRON DE GUEVARA JORDAN S.L.,,21449,Eduardo,Moreno,Certified,2015-11-04 00:00:00,2020-01-27 00:00:00,Certified,2015-11-04 00:00:00,Fruit - Stone: Olives (Olive oil),,CE-012797-2019,,,,,,,,,,,,,,,,,,,,,,,,"C/ CRISTOBAL LOZANO, 10",,ALBACETE,CASTILLA LA MANCHA,Spain,02400,,,967398166,egomez@grupo-paramo.com,,,,,,,,,,,,,,,,2020-05-06 00:00:00,0
41,CAAE Certification Service,www.caae.es,rporto@caae.es,6250006016,FINCA LA CERCA DE SERRANO. HNAS PEÑA S.L.,,6016,Mªjesús,Peña Muñoz,Certified,2018-12-17 00:00:00,2020-11-01 00:00:00,Certified,2018-12-17 00:00:00,Fruit - Stone: Olives (Olive (table)),,CE-000350-2020,,,,,,,,,,,,,,,,,,,,,,,,"VDA MANUEL SIUROT, Nº3-BLOQ 4 2º1",,SEVILLA,ANDALUCÍA,Spain,41013,,,686705396,mjpenamunoz@gmail.com,,,,,,,,,,,,,,,,2020-05-06 00:00:00,0
42,CAAE Certification Service,www.caae.es,rporto@caae.es,6250004032,GERARDO QUINTANA JIMENEZ,,4032/F,Gerardo,Quintana Jimenez,Certified,2003-03-09 00:00:00,2020-01-10 00:00:00,Certified,2003-03-09 00:00:00,Fruit - Stone: Olives (Olive (oil)),,CE 013612 2019,,,,,,,,,,,,,,,,,,,,,,,,"C/ HERMOSILLA, Nº 55",,MADRID,MADRID,Spain,28001,,,953310106,cortijolajarica@hotmail.com,,,,,,,,,,,,,,,,2020-05-22 00:00:00,0
43,EcoCert S.A.,www.ecocert.com,office.international@ecocert.com,7881810550,"GO FRUSELVA, SL",,181055,,,Certified,2018-01-26 00:00:00,,,,,,,,,,,,,,,,,Certified,2018-01-26 00:00:00,"Other: Fruit and vegetable pulps, Fruit purees, Fruit-based preparations",,,Avda. Carintia s/n. Pol. Ind. Millenium,,La Selva del Camp (TARRAGONA),,Spain,43470,,,,,,,,,,,977 844 890,k.dosaiguas@fruselva.com,,,,,,,,,,,,,,,,2021-03-16 00:00:00,0
44,Control Union Certifications,certifications.controlunion.com/en,organic@controlunion.com,1780865799,"GREEN CROPS SPAIN, S.L.",,,,,Certified,2020-05-18 00:00:00,,,,,,,,,,,,,,,,,Certified,2020-05-18 00:00:00,"Other: Refined Organic Oils, Sunflower oil refined, Sunflower oil refined (high oleic)Extra-Virgin Olive Oil",,,"CTRA. A340 LUCENA-PUENTE GENIL, KM. 39",,LUCENA,CÓRDOBA,Spain,14900,,,,,,,,,,,,,,,,,,,,,,,,,,,,2021-04-23 00:00:00,0
45,CAAE Certification Service,www.caae.es,rporto@caae.es,6250033589,GRUPO IREN FRUITS S.L,,33589,Carlos Javier,Fernandez Fernandez,Certified,2021-01-12 00:00:00,2021-10-12 00:00:00,,,,,,,,,,,,,,,,Certified,2021-01-12 00:00:00,"Other: Banana, Mango",,CE-000145-2021,,,,,,,,,CARRETERA VILLAVERDE A VALLECAS KM 3.5 CTM EDIFICIO AVINSA OF.9,,Madrid,Madrid,Spain,28053,,,Phone,calidad@grupoirem.com,,,,,,,,,,,,,,,,2021-04-27 00:00:00,0
46,CAAE Certification Service,www.caae.es,rporto@caae.es,6250014195,"HACIENDASBIO, S.A.",,14195,José Miguel,Cano Suárez,Certified,2019-09-13 00:00:00,2020-07-29 00:00:00,Certified,2019-09-13 00:00:00,Other: Pepper,,CE-009839-2019,,,,,,,,,,,,,,,,,,,,,,,,"CTRA. MERIDA-MONTIJO KM 56,4 - EX 209",,Mérida,Badajoz,Spain,,,,619487139,epg@haciendasbio.com,,,,,,,,,,,,,,,,2019-12-26 00:00:00,0
47,CAAE Certification Service,www.caae.es,rporto@caae.es,6250025843,"HERBA RICEMILLS, S.L.U.",,25843,Juan Antonio,Guillen Jimenez,Certified,2016-12-02 00:00:00,2020-11-03 00:00:00,,,,,,,,,,,,,,,,Certified,2016-12-02 00:00:00,"Other Grains, Pastas and Cereals: Rice (100% Organic: Rice, White rice, Parboiled white rice, Parboiled cargo rice (brown), Cargo rice (Brown), Rice in shell, Brown rice, Broken rice, Oats, Bulgur, Barley, Rye, Chia, Couscous, Spaghetti gre, Spelt, Rice flour, Legume flour, Quinoa flour, Brown rice flour, Heat-treated brown rice flour, Heat-treated legume flour, Heat-treated quinoa flour, Quinoa, Wheat

Organic: Ready-to-serve white rice, Ready-to-serve brown rice, Ready-to-serve brown rice with red quinoa and garlic)",,CE-009914-2019,,,,,,,,,"C/ REAL, Nº 43",,SEVILLA,SAN JUAN DE AZNALFARACHE,Spain,41920,,,954589200,JoseLuis.Lopez@herba.es,,,,,,,,,,,,,,,,2020-05-06 00:00:00,0
48,CAAE Certification Service,www.caae.es,rporto@caae.es,6250005122,HEREDIA HALCON C.B.,,5122/F,Manuel,Heredia Falcon,Certified,2014-11-17 00:00:00,2020-08-07 00:00:00,Certified,2014-11-17 00:00:00,Fruit - Stone: Olives (Olive (oil)),,CE-013082-2019,,,,,,,,,,,,,,,,,,,,,,,,C/ DON PEDRO Nº 8 - 2º 1,,MADRID,MADRID,Spain,28005,,,913663358,,,,,,,,,,,,,,,,,2020-05-06 00:00:00,0
49,CAAE Certification Service,www.caae.es,rporto@caae.es,6250029879,HORTICOLAS BIO VENTA MICENA S.C.A.,,29879,Jesús,Rosa,Certified,2020-10-27 00:00:00,2021-03-25 00:00:00,Certified,2020-10-27 00:00:00,Other: Pepper (Paprika),,CE 012190 2020,,,,,,,,,,,,,,,,,,,,,,,,"C/ LA CARRASCA, Nº 8",,Orce,Granada,Spain,18858,,,687762564,pbasiliobenavente@hotmail.com,,,,,,,,,,,,,,,,2020-12-31 00:00:00,0
50,EcoCert S.A.,www.ecocert.com,office.international@ecocert.com,7880167071,INDUSTRIAS ASOCIADAS COBIOSA,,167071,,,Certified,2017-02-14 00:00:00,,,,,,,,,,,,,,,,,Certified,2017-02-14 00:00:00,Other: cosmetic,,,"Ctra.de Alpedrete, 6",,Collado Villalba (Madrid),,Spain,28400,,,,,,,,,,,918510514,cristina.thiebaut@cobiosa.com,,,,,,,,,,,,,,,,2021-03-16 00:00:00,0
51,CAAE Certification Service,www.caae.es,rporto@caae.es,6250033590,IREN DESARROLLOS AGRÍCOLAS S.L,,33590,Carlos Javier,Fernández Fernández,Certified,2021-01-12 00:00:00,2021-10-12 00:00:00,,,,,,,,,,,,,,,,Certified,2021-01-12 00:00:00,"Other: Banana, Mango",,CE-000151-2021,,,,,,,,,CARRETERA VILLAVERDE A VALLECAS KM 3.5 CTM EDIFICIO AVINSA OF.10,,Madrid,Madrid,Spain,28053,,,915072481,calidad@grupoirem.com,,,,,,,,,,,,,,,,2021-04-27 00:00:00,0
52,CAAE Certification Service,www.caae.es,rporto@caae.es,6250004031,ISABEL ANA QUINTANA JIMENEZ,,4031/F,Isabel Ana,Quintana Jimenez,Certified,2003-03-09 00:00:00,2019-01-10 00:00:00,Certified,2003-03-09 00:00:00,Fruit - Stone: Olives,,CE-004409-2018,,,,,,,,,,,,,,,,,,,,,,,,"C/ HERMOSILLA, Nº 55",,MADRID,MADRID,Spain,28001,,,914353463,ej@soler-romero.com,,,,,,,,,,,,,,,,2018-12-27 00:00:00,0
53,CAAE Certification Service,www.caae.es,rporto@caae.es,6250004036,ISABEL JIMENEZ SOLER,,4036/F,Isabel,Jimenez Soler,Certified,2003-03-09 00:00:00,2020-01-10 00:00:00,Certified,2003-03-09 00:00:00,Fruit - Stone: Olives (Olive oil),,CE 013522 2019,,,,,,,,,,,,,,,,,,,,,,,,"C/ HERMOSILLA, Nº 55",,MADRID,MADRID,Spain,28001,,,914353463,ej@soler-romero.com,,,,,,,,,,,,,,,,2020-05-22 00:00:00,0
54,EcoCert S.A.,www.ecocert.com,office.international@ecocert.com,7882156150,LACASA S.A.U,,215615,,,Certified,2021-02-16 00:00:00,,,,,,,,,,,,,,,,,Certified,2021-02-16 00:00:00,"Other: Natural sweeteners, Sugar, others",,,CARRETERA DE LOGROÑO KM 14,,UTEBO (ZARAGOZA),,Spain,50180,,,,,,,,,,,976462111,aherrero@lacasa.es,,,,,,,,,,,,,,,,2021-03-16 00:00:00,0
55,Control Union Certifications,certifications.controlunion.com/en,organic@controlunion.com,1780873996,Las Cumbres S.C.,,,,,Certified,2020-11-13 00:00:00,,Certified,2020-11-13 00:00:00,Other: Tomate,,,,,,,,,,,,,,,,,,"C/CAÑON, 14",,Don Benito,Badajoz,Spain,06400,,,,,,,,,,,,,,,,,,,,,,,,,,,,2020-12-31 00:00:00,0
56,EcoCert S.A.,www.ecocert.com,office.international@ecocert.com,7882118430,"LASENOR EMUL, S.L.",,211843,,,Certified,2019-11-06 00:00:00,,,,,,,,,,,,,,,,,Certified,2019-11-06 00:00:00,Other: Food additives,,,CTRA C55 KM5.3,,OLESA DE MONTSERRAT (BARCELONA),,Spain,08640,,,,,,,,,,,93 778 71 59,m.arenas@lasenor.com,,,,,,,,,,,,,,,,2021-03-16 00:00:00,0
57,CAAE Certification Service,www.caae.es,rporto@caae.es,6250006448,Mª DOLORES RUBIO NAVARRO,,6448,Rocío,Márquez,Certified,2020-10-20 00:00:00,2021-04-01 00:00:00,Certified,2020-10-20 00:00:00,Other: Grape (wine),,CE 011810 2020,,,,,,,,,,,,,,,,,,,,,,,,"CTRA CORDOBA MALAGA, KM 447,5",,Montilla,Córdoba,Spain,14550,,,+34607406429,info@bodegasrobles.com,,,,,,,,,,,,,,,,2020-12-31 00:00:00,0
58,CAAE Certification Service,www.caae.es,rporto@caae.es,6250019212,Mª PILAR SIMON FLORES,,19212,Mª Pilar,Simon Flores,Certified,2016-02-17 00:00:00,2020-10-02 00:00:00,Certified,2016-02-17 00:00:00,Fruit - Stone: Olives (Olive (oil)),,CE 007721 2019,,,,,,,,,,,,,,,,,,,,,,,,"PLAZA GABRIEL LODARES, 4 - 6D",,ALBACETE,,Spain,02002,,,967398166,enriquesimon@lacasadearriba.es,,,,,,,,,,,,,,,,2020-04-02 00:00:00,0
59,EcoCert S.A.,www.ecocert.com,office.international@ecocert.com,7881927650,MAICERIAS ESPAÑOLAS S.A.,,192765,,,Certified,2019-03-06 00:00:00,,Certified,2019-03-06 00:00:00,Other: Paddy rice,,,,,,,,,,,,,Certified,2019-03-06 00:00:00,"Other: Semi-milled rice, Wholly milled rice",,,"Carretera Barcelona, km 5",,ALMASSERA (Valencia),,Spain,46132,,,,,,,,,,,961850051/52,s.gil@dacsa.com,,,,,,,,,,,,,,,,2021-03-16 00:00:00,0
60,CAAE Certification Service,www.caae.es,rporto@caae.es,6250016436,MANUEL CENTENO AZPITARTE,,16436/F,Manuel,Centeno Azpitarte,Certified,2017-11-10 00:00:00,2019-09-15 00:00:00,Certified,2017-11-10 00:00:00,Fruit - Stone: Olives,,CE-015103-2018,,,,,,,,,,,,,,,,,,,,,,,,C/ FIDELIO Nº 5 4ª PLANTA,,SEVILLA,SEVILLA,Spain,41007,,,606564726,centenomanolo@hotmail.com,,,,,,,,,,,,,,,,2018-12-27 00:00:00,0
61,CAAE Certification Service,www.caae.es,rporto@caae.es,6250004033,MANUEL JOSE DE JUAN SOLER,,4033/F,Manuel Jose,De Juan Soler,Certified,2003-03-09 00:00:00,2020-01-10 00:00:00,Certified,2003-03-09 00:00:00,"Fruit - Stone: Olives (Olive (oil), Olive leaf)",,CE-011975-2019,,,,,,,,,,,,,,,,,,,,,,,,"C/ HERMOSILLA, Nº 55",,MADRID,MADRID,Spain,28001,,,914353463,ej@soler-romero.com,,,,,,,,,,,,,,,,2020-02-12 00:00:00,0
62,CAAE Certification Service,www.caae.es,rporto@caae.es,6250003104,MANUEL VAQUERO ORTIZ,,3104,Manuel,Vaquero Ortiz,Certified,2017-12-22 00:00:00,2020-11-28 00:00:00,,,,,,,,,,,,,,,,Certified,2017-12-22 00:00:00,"Other: 100% Organic: Fresh garlic, Dehydrated garlic, Fried garlic, Black garlic, Peeled garlic, Black Garlic paste

Organic: Garlic in brine, Minced garlic, Garlic pulp",,CE-002202-2020,,,,,,,,,"POL. INDUSTRIAL HORCAJO, C/ LA VEGA S/N",,Montalbán de Córdoba,Córdoba (Andalucía),Spain,14548,,,607659095,m.vaquero@laabuelacarmen.com,,,,,,,,,,,,,,,,2020-05-22 00:00:00,0
63,CAAE Certification Service,www.caae.es,rporto@caae.es,6250024433,MANZANILLA OLIVE S.C.A. 2º grado,,24433,Rafael,Gallardo Lobato,Certified,2018-04-23 00:00:00,2020-09-22 00:00:00,,,,,,,,,,,,,,,,Certified,2018-04-23 00:00:00,"Other: Pickled olives in brine, Olives in sliced brine, Whole pickled olives",,CE-009700-2019,,,,,,,,,"Ctra. A-362 Utrera-Los Palacios, km 3,5 - Apdo. de Correos nº 51",,Utrera,Sevilla (Andalucía,Spain,41710,,,+34 686460324,rgl@manzanillaolive.es,,,,,,,,,,,,,,,,2020-05-06 00:00:00,0
64,CAAE Certification Service,www.caae.es,rporto@caae.es,6250006722,MARIA DEL CARMEN COBANO RUIZ,,6722/F,Maria Del Carmen,Cobano Ruiz,Certified,2017-11-07 00:00:00,2020-09-04 00:00:00,Certified,2017-11-07 00:00:00,Fruit - Stone: Olives (Olive (oil/table)),,CE 013474 2019,,,,,,,,,,,,,,,,,,,,,,,,"AVDA. MORENO GALVAN, 12",,PUEBLA DE CAZALLA (LA),SEVILLA,Spain,41540,,,696920408,sebashm@hotmail.es,,,,,,,,,,,,,,,,2020-05-06 00:00:00,0
65,CAAE Certification Service,www.caae.es,rporto@caae.es,6250004195,"MED INTERNATIONAL, S.A",,4195/I,Laura,Rodriguez,Certified,2010-03-17 00:00:00,2019-01-15 00:00:00,,,,,,,,,,,,,,,,Certified,2010-03-17 00:00:00,"Oils & Oleoresins: Oils (Organic: Virgin Olive Oil, Extra virgin olive oil, Extra virgin olive oil flavored with garlic

100% Organic: Virgin olive oil flavored with garlic)",,CE-004489-2019,,,,,,,,,"C/ MIRABUENO, 22",,CORDOBA,ANDALUCIA,Spain,14012,,,957401528,calidad@med-int.com,,,,,,,,,,,,,,,,2020-02-12 00:00:00,0
66,CAAE Certification Service,www.caae.es,rporto@caae.es,6250005347,"MENDEZ LEON, S.C",,5347/F,David,Mendez Leon,Certified,2019-11-13 00:00:00,2020-09-24 00:00:00,Certified,2019-11-13 00:00:00,Fruit - Stone: Olives (Olive (oil/table)),,CE 013940 2019,,,,,,,,,,,,,,,,,,,,,,,,AVDA. RAMON Y CAJAL Nº 2 3ºC,,FUENGIROLA,MALAGA,Spain,29640,,,670307766,david@delantejuela.es,,,,,,,,,,,,,,,,2020-04-29 00:00:00,0
67,CAAE Certification Service,www.caae.es,rporto@caae.es,6250019501,"MIGASA ACEITES, S.L.U.",,19501,Francisco,Gutiérrez,Certified,2020-10-05 00:00:00,2021-05-22 00:00:00,,,,,,,,,,,,,,,,Certified,2020-10-05 00:00:00,Other: Refined olive oil,,CE-010835-2020,,,,,,,,,"CARRETERA MADRID-CADIZ, KM.556",,Dos Hermanas,Sevilla,Spain,41703,,,954720550,calidad@migasa.com,,,,,,,,,,,,,,,,2020-12-31 00:00:00,0
68,CAAE Certification Service,www.caae.es,rporto@caae.es,6250003015,NUÑEZ DE PRADO C.B.,,3015/I,Francisco,Nuñez De Prado,Certified,2009-12-04 00:00:00,2019-11-18 00:00:00,Certified,2009-04-12 00:00:00,Fruit - Stone: Olives,,CE-015038-2018,,,,,,,,,,,Certified,2009-04-12 00:00:00,Oils & Oleoresins: Oils (Virgin Olives Oil),,CE-016194-2018,,,,,,,,,"AVD. CERVANTES, Nº 16",,CORDOBA,ANDALUCIA,Spain,18450,,,957670141,nunezdeprado@hotmail.com,,,,,,,,,,,,,,,,2018-12-27 00:00:00,0
69,CAAE Certification Service,www.caae.es,rporto@caae.es,6250031117,OLINEXO S.L.,,31117,Javier,Marquez Tenedor,Certified,2019-12-17 00:00:00,2021-10-21 00:00:00,,,,,,,,,,,,,,,,Certified,2019-12-17 00:00:00,"Other: Extra virgin olive oil, Virgin olive oil",,CE-013609-2020,,,,,,,,,"C/ VIA VERDE DE ALCARAZ, S/N",,Alcaraz,Albacete,Spain,02300,,,+34967571993,info@tierraverde.eu,,,,,,,,,,,,,,,,2020-12-31 00:00:00,0
70,CAAE Certification Service,www.caae.es,rporto@caae.es,6250028610,PASTORA MARTINEZ YLLANES,,28610,Pastora,Martinez Yllanes,Certified,2018-11-06 00:00:00,2020-07-13 00:00:00,Certified,2018-11-06 00:00:00,Fruit - Stone: Olives (Olive (oil/table)),,CE 017327 2019,,,,,,,,,,,,,,,,,,,,,,,,"C/ DOLORES HIDALGO, Nº 18",,Umbrete,Sevilla (Andalucía),Spain,41806,,,+34 616666104,rafael@bodegassalado.com,,,,,,,,,,,,,,,,2020-04-02 00:00:00,0
71,CAAE Certification Service,www.caae.es,rporto@caae.es,6250030764,PEDRO VERA GARCIA,,30764,José Manuel,Ferreño,Certified,2020-10-13 00:00:00,2021-03-18 00:00:00,,,,,,,,,,,,,,,,Certified,2020-10-13 00:00:00,Other: Ball Pepper Shell,,CE-011261-2020,,,,,,,,,"AVDA. PRINCIPE DE ASTURIAS, PARETON",,Totana,Murcia,Spain,30858,,,968879900,,,,,,,,,,,,,,,,,2020-12-31 00:00:00,0
72,CAAE Certification Service,www.caae.es,rporto@caae.es,6250026885,PEVESA BIOTECH S.A.,,26885,Eduardo,Romero Ramírez,Certified,2018-10-09 00:00:00,2021-10-09 00:00:00,,,,,,,,,,,,,,,,Certified,2018-10-09 00:00:00,"Other: Vegetable proteins hydrolysates, Vegetables proteins",,CE-004365-2020,,,,,,,,,AVDA. DE LA INDUSTRIA S/N. P.I. POLIVISO,,El Viso del Alcor,Sevilla (Andalucía),Spain,41520,,,+34 608861526,eromero@pevesa.com,,,,,,,,,,,,,,,,2020-05-06 00:00:00,0
73,CAAE Certification Service,www.caae.es,rporto@caae.es,6250013640,"PRODUCTORES DE CHIRIMOYAS Y AGUACATES DE MOTRIL, S.L.",,13640/F,Jose Maria,Cuadrado,Certified,2012-03-19 00:00:00,2020-01-20 00:00:00,Certified,2012-03-19 00:00:00,"Fruit Vegetables: Cucumber, Tomato",,CE-004808-2020,,,,,,,,,,,,,,,,,,,,,,,,"C/ SANTO DOMINGO, S/N POLÍGONO INDUSTRIAL EL VADILLO",,GRANADA,ANDALUCIA,Spain,18600,,,649418146,calidad@procamsca.com,,,,,,,,,,,,,,,,2020-05-06 00:00:00,0
74,CAAE Certification Service,www.caae.es,rporto@caae.es,6250025411,PRODUCTOS GOYA NATIVOS S.L,,25411,Sara,Zurita,Certified,2018-12-03 00:00:00,2020-05-30 00:00:00,,,,,,,,,,,,,,,,Certified,2018-12-03 00:00:00,"Other: 100% Organic: Toasted and ground coffee, Herbal tea lemongrass, Herbal tea melissa, Red kidney beans

Organic: Coconut water, Black beans, Canned green pigeon peas, Chickpeas",,CE-000403-2020,,,,,,,,,"Avda Constitución, 115 P.I. MONTE BOYAL",,Casarrubios del Monte,Toledo (Castilla La Mancha),Spain,49590,,,+34 918188000 EXT 12,sara.zurita@goya.com,,,,,,,,,,,,,,,,2020-05-06 00:00:00,0
75,Control Union Certifications,certifications.controlunion.com/en,organic@controlunion.com,1780874026,PRONAT S.C.,,,,,Certified,2020-11-13 00:00:00,,,,,,,,,,,,,,,,,Certified,2020-11-13 00:00:00,"Other: Diced tomato, Tomato Concentrate, Tomato Juice",,,"Polígono Industrial San Isidro, Parcelas 3-4",,Don Benito,Badajoz,Spain,06400,,,,,,,,,,,,,,,,,,,,,,,,,,,,2021-04-23 00:00:00,0
76,CAAE Certification Service,www.caae.es,rporto@caae.es,6250030861,QUINTANA LUQUE S.L,,30861,Inmaculada,Rodríguez,Certified,2020-02-20 00:00:00,2020-09-30 00:00:00,,,,,,,,,,,,,,,,Certified,2020-02-20 00:00:00,"Other: Virgin Olive Oil, Extra Virgin Olive Oil",,CE-001964-2020,,,,,,,,,"C/ ARROYO DE PRIEGO, 22",,Iznajar,Córdoba,Spain,14970,,,605890519,molinoquintana@gmail.com,,,,,,,,,,,,,,,,2020-06-05 00:00:00,0
77,CAAE Certification Service,www.caae.es,rporto@caae.es,6250029662,QUIRANTE FRUITS S.A.T.,,29662,Sonsoles,Ruiz,Certified,2019-10-14 00:00:00,2020-04-22 00:00:00,,,,,,,,,,,,,,,,Certified,2019-10-14 00:00:00,"Other: Apple puree, Pear puree, Orange juice",,CE-011894-2019,,,,,,,,,"CTRA. NACIONAL 340, KM. 695",,Cox,Alicante,Spain,03350,,,966751292,sonsolesruiz@quirantefruits.com,,,,,,,,,,,,,,,,2019-12-26 00:00:00,0
78,CAAE Certification Service,www.caae.es,rporto@caae.es,6250029740,RAMON SABATER S.A.U.,,29740,Ramón,Sabater Sánchez,Certified,2021-02-12 00:00:00,2022-03-07 00:00:00,,,,,,,,,,,,,,,,Certified,2021-02-12 00:00:00,Other: Paprika,,CE-001589-2021,,,,,,,,,"AVDA. ALTO DE LAS ATALAYAS, 231",,CABEZO DE TORRES,MURCIA,Spain,30110,,,968879900,info@sabaterspices.com,,,,,,,,,,,,,,,,2021-04-08 00:00:00,0
79,CAAE Certification Service,www.caae.es,rporto@caae.es,6250030299,S.C.L. DEL CAMPO OESTE DE LORCA,,30299,José Manuel,Ferreño,Certified,2020-11-05 00:00:00,2021-03-30 00:00:00,,,,,,,,,,,,,,,,Certified,2020-11-05 00:00:00,Other: Ball Pepper Shell,,CE-012467-2020,,,,,,,,,D.P. LA TORRECILLA VENTA RUIZO,,Lorca,Murcia,Spain,30817,,,968879900,jmferre@sabaterspices.com,,,,,,,,,,,,,,,,2020-12-31 00:00:00,0
80,CAAE Certification Service,www.caae.es,rporto@caae.es,6250027325,SADIAGLA S.L.,,27325,Virginia,,Certified,2019-11-18 00:00:00,2020-09-06 00:00:00,Certified,2019-11-18 00:00:00,"Other: Olive oil, Olive (oil/table)",,CE-014227-2019,,,,,,,,,,,,,,,,,,,,,,,,"C/ ARCHIDONA, Nº 51",,VILLANUEVA DE ALGAIDAS,Málaga,Spain,29310,,,691833940,vcivico@azzayt.com,,,,,,,,,,,,,,,,2019-12-26 00:00:00,0
81,CAAE Certification Service,www.caae.es,rporto@caae.es,6250005312,SEMILLERO HORTO PLAN S.L.,,5312/F,Francisco,Molina,Certified,2012-02-13 00:00:00,2020-01-23 00:00:00,Certified,2012-02-13 00:00:00,Seed/Pod Vegetables: Seedling plants,,CE-005696-2019,,,,,,,,,,,,,,,,,,,,,,,,"CAMINO DEL CANAL, S/N APTO CORREOS Nº 333",,GRANADA,ANDALUCIA,Spain,18600,,,617449871,horto_plan_sl@hotmail.com,,,,,,,,,,,,,,,,2020-05-06 00:00:00,0
82,EcoCert S.A.,www.ecocert.com,office.international@ecocert.com,7881335130,SL DE PLANTAS AROMÁTICAS INDUSTRIALIZADAS,,133513,,,Certified,2014-04-11 00:00:00,,,,,,,,,,,,,,,,,Certified,2014-04-11 00:00:00,Other: Essential oils,,,Parque Tecnologico CITEC,"C/ Antonio Gomez Millan, 29",Gelves (Sevilla),,Spain,41120,,,,,,,,,,,955439492,labdassence@labdassence.com,,,,,,,,,,,,,,,,2021-03-16 00:00:00,0
83,CAAE Certification Service,www.caae.es,rporto@caae.es,6250013619,"SOVENA ESPAÑA, S.A.U",,13619/I,Carmelo,Blanco,Certified,2010-04-23 00:00:00,2020-07-30 00:00:00,,,,,,,,,,,,,,,,Certified,2010-04-23 00:00:00,"Oils & Oleoresins: Oils (Virgin Olive Oil, Extra virgin olive oil)",,CE-010715-2019,,,,,,,,,"CTRA. RINCONADA - BRENES, KM. 11,7",,SEVILLA,ANDALUCIA,Spain,41310,,,663058559,rmogeda@sovena.es,,,,,,,,,,,,,,,,2020-04-02 00:00:00,0
84,CAAE Certification Service,www.caae.es,rporto@caae.es,6250031296,SPAIN OVERSEAS TRADE DEVELOPMENT S.L,,31296,Eva,Poudereux Tavira,Certified,2020-02-17 00:00:00,2020-12-13 00:00:00,,,,,,,,,,,,,,,,Certified,2020-02-17 00:00:00,"Other: Cistus hydrolate, Cypress essential oil, Cypress hydrolate, Eucalyptus essential oi, Hyssop essential oil, Lavandin essential oil, Lavandin hydrolate, Lavender essential oil, Lavender hydrolate, Oregano essential oil, Oregano hydrolate, Rosemary essential oil, Rosemary hydrolate, Sage essential oil (salvia officinalis), Sage essential oil (salvia lanvandulifolia), Sage hydrolate (salvia lavandulifolia), Sage hydrolate (salvia officinalis), Savory essential oil, Savory hydrolate, Spike hydrolate, Spike lavender essential oil, Thyme capitatus essential oil, Thyme linalol essential oil (Thymus Zygis/Vulgaris), Thyme thymol essential oil (Thymus Zygis/Vulgaris), Thyme thymol hydrolate (Thymus Zygis/Vulgaris)",,CE-001814-2020,,,,,,,,,"C/ AZUQUECA DE HENARES, 4 - 3ºB",,Guadalajara,Guadalajara,Spain,19002,,,635645728,info@aromesoil.com,,,,,,,,,,,,,,,,2020-06-05 00:00:00,0
85,CAAE Certification Service,www.caae.es,rporto@caae.es,6250009323,"TERRALLANA NATURAL, S.L.",,9323,Maria,Moreno Rojo,Certified,2017-07-14 00:00:00,2020-03-22 00:00:00,Certified,2017-07-14 00:00:00,Fruit Vegetables: Garlic,,CE-007237-2019,,,,,,,,,,,Certified,2017-07-17 00:00:00,Fruits/Vegetables: Garlic,,CE-012004-2019,,,,,,,,,"C/ GRANDE, 6 3º A",,QUINTANAR DE LA ORDEN,TOLEDO,Spain,45800,,,925182033,terrallana@gmail.com,,,,,,,,,,,,,,,,2020-05-06 00:00:00,0
86,EcoCert S.A.,www.ecocert.com,office.international@ecocert.com,7882006880,"WIND REED, SL",,200688,,,Certified,2019-11-18 00:00:00,,,,,,,,,,,,,,,,,Certified,2019-11-18 00:00:00,"Other: Cane, leaves",,,"Carretera vieja de Denia, 4",,Oliva (Valencia),,Spain,46780,,,,,,,,,,,675575630,windreed21@gmail.com,,,,,,,,,,,,,,,,2021-03-16 00:00:00,0
87,EcoCert S.A.,www.ecocert.com,office.international@ecocert.com,7881493790,"WORLD's COCONUT TRADING, S.L",,149379,,,Certified,2018-10-09 00:00:00,,,,,,,,,,,,,,,,,Certified,2018-10-09 00:00:00,Other: Fruit-based preparations,,,"Carretera Nacional 232, km 271,2",,Pedrola (Zaragoza),,Spain,50690,,,,,,,,,,,653345428,nuria@genuinecoconut.com,,,,,,,,,,,,,,,,2021-03-16 00:00:00,0
